sessionId,userId,duration,engagementScore,bounced,bounceProb,pages,clicks,avgScrollDepth,startTime,deviceType
efb8161b-05fe-4ca1-b665-9a6969172727,4228b88c-abd6-4a06-81cb-8f67a5b76593,322,8.124166799948771,False,0.18758332000512296,3,13,83,2026-04-15 20:53:02.720000,mobile
64b33187-e4fb-415e-b020-dd5bab2b923d,6fee4230-1cb6-49b5-8bbd-a30092d2b7ce,185,4.65176298815061,False,0.534823701184939,1,4,44,2026-04-18 18:53:02.724000,mobile
8557c401-518b-4d0b-a78d-76402e108c29,1a7d9312-d8c1-4256-84b7-beb7110c31a7,769,8.730490595201568,False,0.12695094047984326,3,5,73,2026-04-16 21:53:02.727000,mobile
2382a765-c564-4941-94d1-585d3eaa7b38,eb309c5b-7f45-45bd-981f-b7edcf72536f,85,5.5752546849594395,False,0.442474531504056,2,3,48,2026-04-20 14:53:02.729000,desktop
fa6e1be8-0116-4257-993d-a3be980b3e85,90bd2bed-8f9d-48fb-836c-1c8518bef7b6,56,1.2841545143401554,True,0.8715845485659846,2,2,29,2026-04-17 21:53:02.730000,desktop
2c5a7c32-c2a1-437c-8567-b235c7202cf8,15ad6841-3c4f-4560-93fa-b3a898ef7b66,676,7.37121724544998,False,0.262878275455002,1,13,100,2026-04-15 09:53:02.736000,desktop
3c1d723f-55d8-40c6-8d7b-b792bf9582a2,62200512-80c3-4315-9220-d28e66a4391b,57,1.6410917459853973,True,0.8358908254014603,4,2,13,2026-04-16 09:53:02.738000,mobile
363fcf98-4e36-4bcf-a990-7e709f78ccfd,a3ba62d1-e1ef-45dd-b73a-88799f7ae945,143,5.54900424766357,False,0.445099575233643,2,1,41,2026-04-17 09:53:02.739000,desktop
4fb5bbf8-00dd-4ad2-8681-0ec22bb52f29,e1ede838-4dd6-4ee2-b29a-53c5b3b1b733,55,2.528437305995819,True,0.7471562694004181,1,0,36,2026-04-15 00:53:02.741000,desktop
71c3ff6c-6063-49f4-bf2d-989ca123e0c9,7d275d1d-0364-4c00-87fc-49d056ddcd00,189,5.014745020593981,False,0.4985254979406019,4,5,49,2026-04-15 08:53:02.742000,mobile
224fbdaf-afd4-4aaf-a017-11bf3dd5ec37,fd3d53d1-14c4-4e26-86d5-3707391f27cd,13,2.6655486486996853,True,0.7334451351300315,3,0,3,2026-04-14 22:53:02.744000,mobile
80870876-38a5-424a-8dc4-ecdfa2d69988,1c244d5e-7998-43f5-8a9d-8a7402fcf12f,1074,7.2619537970101415,False,0.2738046202989859,2,7,100,2026-04-15 01:53:02.745000,desktop
eb124c60-91a3-48f4-85d2-20952df65149,80a835a3-edbf-4eaf-a678-76d10b94bd13,89,5.342845528456586,False,0.46571544715434143,2,4,70,2026-04-20 22:53:02.746000,mobile
931982df-c882-4581-9b01-ecf440825754,ab448dc1-f551-46f6-8b80-5b76d0122d7b,264,4.786427184275961,False,0.5213572815724039,2,2,54,2026-04-17 17:53:02.748000,desktop
2217dc10-5d39-47a0-8b41-ffa0cc6b54eb,bb39831c-1d2c-4aa1-9f08-7bcfea803f51,763,8.865214158098386,False,0.11347858419016144,4,13,87,2026-04-21 04:53:02.750000,desktop
2efcf729-25ce-446f-b084-6259cce93c4d,9b27627e-cde8-4c9d-8015-4db11dc6f066,273,5.861405507502109,False,0.4138594492497891,2,4,41,2026-04-21 13:53:02.752000,mobile
08dd4dec-e559-441d-a036-9b593fe1eaac,c65482ec-a570-4a92-accb-4bafe86b8872,362,7.330313691223288,False,0.2669686308776712,3,15,97,2026-04-21 09:53:02.753000,desktop
648610f7-9fbf-405b-b515-76dcb6ce8c4b,8ad557df-852c-43b0-bb96-78e452e4f4a1,174,4.490678192642622,False,0.5509321807357378,2,2,52,2026-04-17 12:53:02.755000,desktop
4e867099-58d8-4a98-b82a-4a2191345435,d564fe88-2a17-4508-a075-1cabe6bfb4b3,885,8.374898761239383,False,0.1625101238760618,4,5,84,2026-04-20 09:53:02.756000,mobile
c341c6c3-4049-4f2c-988b-bded78bb46d7,cef917f0-307a-4b9b-8be5-9e5958ef154d,285,4.793211241895889,False,0.5206788758104111,1,5,56,2026-04-16 12:53:02.758000,mobile
cb2579f1-ba8a-4b99-b206-d7aa1d97bdd4,94b017d3-5c94-4183-8241-471d3899eabc,91,5.741749221040918,False,0.4258250778959083,3,3,60,2026-04-19 05:53:02.760000,desktop
bc179e68-8696-455d-840f-f02aef84dffa,5ad1a2ff-1dd0-4b65-8430-cfb7b0226aef,95,4.056945716714474,False,0.5943054283285526,2,2,62,2026-04-19 21:53:02.763000,desktop
0e1669a2-0026-410a-aef6-396b275b8f62,594389c7-29e0-46f9-b3ab-e2d7b5d08f60,9,0.6663501681357236,True,0.9333649831864276,2,0,26,2026-04-16 08:53:02.764000,mobile
b524bd43-1b3c-4f9b-9b2f-e7d4b0a822e3,a9ca23e2-fae5-412b-b824-01a675d19c55,950,8.427038774619307,False,0.15729612253806935,3,9,90,2026-04-20 18:53:02.766000,mobile
5eee0d67-408e-4a65-8256-6cdff61f8ad6,9fe38c8c-a313-437e-a134-1e311c957d9b,294,4.567785775164127,False,0.5432214224835873,3,3,55,2026-04-15 21:53:02.768000,desktop
c8a83bd3-24d3-4426-9d29-6997c65c137e,1e39826f-8406-48bb-953d-caf8556d2482,31,2.30029927509076,True,0.769970072490924,3,2,26,2026-04-15 01:53:02.770000,desktop
8dabd08b-3dbb-4367-abd9-6def1b10c1a1,fbd9fd0c-9df8-42be-9b6a-d00fc80a4556,40,1.2856213997445067,True,0.8714378600255492,4,0,37,2026-04-15 18:53:02.771000,desktop
4595145f-85b3-4dd3-a154-a2d7435cd893,f21cf28e-ef06-496a-ad37-561b0770288d,722,8.257737903738715,False,0.17422620962612853,4,6,84,2026-04-20 13:53:02.773000,desktop
9b838411-4ae9-44c0-907a-5d7f379895c3,5c1146e1-28dc-4128-9b3b-7dc5ce798304,488,8.685099693628661,False,0.13149003063713377,3,12,77,2026-04-16 04:53:02.775000,mobile
956ea9ed-72b0-42a7-9102-2c9257f4ac7f,9b234306-95a4-406e-8449-0df5a19503e2,73,5.460202593723628,False,0.4539797406276372,3,3,65,2026-04-14 22:53:02.777000,mobile
616cbd63-11f4-407c-9e88-179cce84404f,675d367a-314d-47b9-8697-316f402dfaa4,73,4.919356563768945,False,0.5080643436231055,2,3,42,2026-04-20 01:53:02.779000,desktop
a712b9e3-56a5-4e7d-a43a-dc43f6dc81e0,c56ac6b3-7b5c-48f8-9ca5-d98d96bb194c,22,0.7282048011434838,True,0.9271795198856516,3,0,8,2026-04-15 08:53:02.782000,mobile
816dceb8-c22f-40aa-82bd-bc4a7707d3d9,82003dd0-9497-45b3-8a86-a7275d0d40ef,209,4.252979609773897,False,0.5747020390226103,1,4,64,2026-04-18 08:53:02.784000,mobile
e8dab34f-0c35-455b-b651-d5781f6c33a2,7be5cb82-d6a7-47a1-9fc7-707aebf978d7,1017,7.83602163286584,False,0.21639783671341595,1,9,98,2026-04-20 13:53:02.786000,mobile
cc8ce522-afd0-487e-889c-7457ccc6e2aa,e26a3ffe-254b-431a-b651-94ee3d6b6eb4,180,5.356052000405329,False,0.4643947999594671,1,1,64,2026-04-18 11:53:02.787000,mobile
c11e23c4-8683-4367-8aa1-fe5b65800e12,c1b5230d-29b6-4c2c-a2a1-817262ccef16,27,1.1317633102056117,True,0.8868236689794389,3,2,26,2026-04-15 23:53:02.788000,desktop
8bfd1baa-6e5c-4452-a31b-e9032d02520a,b1421479-f9a8-43e4-a6c6-c67edace07ce,91,5.4213642913225515,False,0.4578635708677448,3,3,51,2026-04-15 21:53:02.790000,desktop
86628a16-aa19-4054-8a44-ddf92b0bf773,df528af2-701f-4082-b074-cfa9b9fbcb75,180,4.463343423300473,False,0.5536656576699527,2,4,61,2026-04-21 18:53:02.790000,desktop
c3361ef3-e080-43b1-9129-38ed0b68e842,bcf7304d-19a6-4beb-aca9-d4a8cfdc63da,291,4.909744095588239,False,0.509025590441176,1,4,41,2026-04-15 01:53:02.792000,desktop
6311706d-b173-4b68-bd41-3c8a0abafe1f,9a4bff26-4852-4db8-8e27-d899c3c5a455,644,7.398101727752869,False,0.26018982722471307,2,12,87,2026-04-20 07:53:02.794000,desktop
4dd4a4a1-ffb4-4c07-bc95-6d13ee20a978,c683ce86-2946-466c-a07a-8fe9509f0103,624,7.681062550154162,False,0.2318937449845838,2,10,79,2026-04-21 18:53:02.795000,mobile
caeaf1bc-8adb-41f3-ad6c-7e4d8e1944e2,b1b2036c-08a1-4aff-8a8e-ed6c2d971ccb,118,4.6522546394609705,False,0.5347745360539029,3,5,57,2026-04-18 15:53:02.796000,mobile
6aa91321-c71e-45d6-87e5-195cd7c86a80,c7d2117b-9417-4db9-a00d-53af00b7eb8f,39,1.348580250258543,True,0.8651419749741458,4,0,11,2026-04-20 12:53:02.797000,mobile
2b314ecb-90e9-4695-9453-3cd88026d714,e17199fd-d6d8-412c-a4d1-3ff5938923ab,196,5.926712158637114,False,0.4073287841362886,2,5,50,2026-04-16 16:53:02.799000,desktop
4777ad8e-3a16-4270-a2c4-95b83542e054,0d0df68c-7b8b-432b-b97e-68e84cb40e93,181,5.009908374057214,False,0.49900916259427863,3,5,41,2026-04-19 06:53:02.800000,desktop
1e822ec4-998b-4075-885c-a64f5a3775d4,cb5143f6-be90-42c8-8024-aa8be29d603f,232,4.394291242485176,False,0.5605708757514825,3,2,64,2026-04-20 20:53:02.801000,mobile
b4790da1-09ee-4d36-b1cd-ebb1d37deeeb,1a26665a-a491-4c6c-abe0-0ef664466b15,80,4.4389378757698665,False,0.5561062124230134,1,2,57,2026-04-19 15:53:02.803000,desktop
cf2b95e4-0826-4a55-8e41-9d46aedce51c,59cc05af-daf8-43bf-9aef-ef4174cb3c5e,11,1.0100483445457655,True,0.8989951655454235,4,0,14,2026-04-16 02:53:02.804000,desktop
4468f1f7-23c3-4a49-9b79-f345f00b5455,5097aeb0-8f9e-410b-87bc-8be32550adab,598,7.216114682548925,False,0.27838853174510747,2,12,80,2026-04-15 10:53:02.806000,mobile
18460255-6a8a-471b-bbd3-609f003265cb,cc1ee5e1-404b-47ea-a5c6-c4522c80a97a,101,5.0953851138548885,False,0.49046148861451117,3,4,48,2026-04-18 16:53:02.807000,mobile
716cb85a-6075-4495-a8ba-4bec466858f8,38556648-e0a8-4750-9a68-4651cbeb60ad,180,4.113376571897369,False,0.5886623428102631,2,2,50,2026-04-21 08:53:02.809000,desktop
11043b88-a502-4e41-8207-555e953ba786,4288651b-3fee-4002-8250-a86c2bac850b,678,8.097288634344622,False,0.19027113656553785,3,15,80,2026-04-18 23:53:02.811000,mobile
329d5d94-f2c4-4038-a3e8-93123f950e08,8d32393e-e7ff-4eae-9f90-94b74353d6a1,108,4.742065913479933,False,0.5257934086520067,1,5,66,2026-04-15 05:53:02.814000,mobile
1d32666e-7fa7-4204-81d0-1b209b2da60a,d31a8a75-e9cd-4ccd-9963-a1c2fec9002d,742,7.661595985625677,False,0.23384040143743232,1,8,76,2026-04-16 17:53:02.815000,mobile
3b386cbc-cc95-4bcd-a253-07e015bf1f27,185375bd-767a-4f2b-bc7a-a78c59db82f2,149,4.615149035776769,False,0.5384850964223231,2,1,69,2026-04-16 14:53:02.817000,desktop
5459d37b-94f2-481b-852d-80aa38dc9394,447bb929-8bc9-48df-9232-bec4277e5585,217,4.4580073531666775,False,0.5541992646833322,3,2,45,2026-04-21 18:53:02.819000,desktop
3bb833c2-467e-4857-a871-09d4f7ba4d4a,82bc9d31-30ec-4dfd-b93b-687f42a2b608,171,5.468568510109819,False,0.4531431489890181,2,4,40,2026-04-20 02:53:02.821000,mobile
3ffc9af4-9f11-4707-a0fe-c0d4b2ea9338,e3a07014-065a-478f-bcf9-175fe8656cdf,28,2.806838530901212,True,0.7193161469098788,1,1,37,2026-04-15 03:53:02.822000,mobile
5611603a-6bd9-4c11-9495-c8fd58dd05db,520df044-7076-4db9-b424-10b9f0004f6a,42,2.425474363950773,True,0.7574525636049227,4,0,26,2026-04-14 21:53:02.824000,mobile
7d355af0-3b21-48c5-930a-35e9bd92ae7f,15d4beb1-3753-48a9-b644-3ca629637d99,34,2.335425086904168,True,0.7664574913095832,2,0,40,2026-04-20 13:53:02.826000,desktop
50f0ba49-ec3b-44fe-bb4f-97ec37bdc068,85a379df-7ea8-40ac-8c04-498dffdd300a,369,7.874508075911656,False,0.2125491924088344,4,13,100,2026-04-21 18:53:02.828000,mobile
545c467c-1653-44cb-b131-f0538683d2c5,01ea7dff-e873-4966-825f-961105bb9f2d,362,8.324402473752713,False,0.16755975262472872,3,9,94,2026-04-20 11:53:02.830000,mobile
28bf8d8c-9373-431c-8260-6110e1835d1b,197e7d79-73b7-457c-8e68-92bb9502138c,134,5.710117710413812,False,0.4289882289586189,4,3,69,2026-04-15 19:53:02.831000,mobile
a212fd31-80af-4d4a-b82e-2c805221e9ea,103f5e86-31d0-467e-8fc4-baab05dd842e,612,7.05517056339195,False,0.29448294366080496,3,13,81,2026-04-20 09:53:02.833000,mobile
39695aca-5958-4fb7-b24c-b7e357b59380,b92f1750-405d-4dc6-968c-04ae2d3b0de8,208,5.760849128096919,False,0.42391508719030807,2,3,54,2026-04-19 09:53:02.835000,mobile
b3d5ddcf-30ea-4703-8d5b-e9074223ae9b,b967632a-fcdc-4b52-9286-f36cd02aaea4,1178,8.781365086570153,False,0.12186349134298474,3,12,87,2026-04-20 08:53:02.836000,desktop
c0834356-7c1f-4dac-a4b2-8a07b03952cd,181524f2-3405-4e3a-921e-c10d54ded68c,243,5.214969813455295,False,0.4785030186544705,2,3,49,2026-04-15 19:53:02.838000,desktop
8721b2e5-5ed1-4d02-af58-8ab70ea419bf,f278a367-36b8-425e-a9d0-5a983d7d79b1,142,5.766895811903505,False,0.4233104188096495,4,2,64,2026-04-19 03:53:02.842000,mobile
9c851aeb-68e7-42e6-8b09-69f802f88d51,2e932ffa-6ad5-4978-8bdd-8bf95246162a,16,2.80894602736931,True,0.719105397263069,3,0,23,2026-04-16 21:53:02.844000,desktop
a58dd74f-1fad-49da-933d-c54991496cbd,5a962e82-f111-4eab-a966-d4eb8c197090,23,1.51899654349201,True,0.8481003456507991,4,0,24,2026-04-14 22:53:02.846000,desktop
de1d9c95-1a67-40dc-93e8-a9ce8fccd9af,6d6d0543-5a82-4848-bf18-030f416bc3f2,46,1.2703247864348128,True,0.8729675213565187,1,0,24,2026-04-16 16:53:02.848000,desktop
8cf91074-a708-46a1-b790-a97aec545dc2,fe91e884-af63-4180-b164-0880cc751135,880,8.12732273217164,False,0.18726772678283599,1,15,86,2026-04-17 15:53:02.849000,desktop
b4c9ccbd-562b-4042-a597-d7bcbcca8ae0,ecb50b67-d887-44a5-bfd0-bd1f0ad9eccc,9,1.4117785957646376,True,0.8588221404235362,1,1,6,2026-04-16 01:53:02.851000,desktop
bacc98b4-6b37-44fc-a87a-5092c2524d4d,b6d39761-7719-4c3b-b82f-3638e2c4c2e7,149,4.8846270639924025,False,0.5115372936007597,2,4,68,2026-04-15 07:53:02.853000,mobile
fb5cb148-e749-4e1b-a9e1-f5158e450a8b,63cba27f-21c6-464a-94d7-fa147516be50,243,5.736074201519116,False,0.4263925798480883,3,5,67,2026-04-15 13:53:02.854000,mobile
b08cebef-52e4-41d2-a0e8-b38a039adb6d,265fa26e-7b50-459b-bbb9-6eccd98b6b6e,159,5.999289907013007,False,0.4000710092986993,3,1,57,2026-04-21 05:53:02.856000,mobile
de84f123-1a8c-454d-a3d6-2cf4bc936633,02e870a0-380f-48c8-86c3-13a935195551,137,4.811390277506452,False,0.5188609722493548,2,4,55,2026-04-16 21:53:02.859000,mobile
8ba2bdf1-ad99-4d4c-a67e-32e48ae95db8,8fff28d9-8d87-41c3-b997-07b352f940e9,642,8.431734910251153,False,0.15682650897488465,3,9,90,2026-04-21 19:53:02.860000,desktop
718f3284-f783-40e1-a845-4b8b432bece0,ed4ec761-b13b-4f72-b0d9-326046ed9c1b,44,0.9361322513030998,True,0.90638677486969,3,0,4,2026-04-15 06:53:02.862000,desktop
6c3a2b65-384b-4523-83ee-eb35e20792aa,94c841b4-b473-40f1-8b04-64f01b12d20a,12,2.2280885270641893,True,0.7771911472935811,1,1,15,2026-04-19 09:53:02.863000,desktop
593abb35-939f-4559-9f23-bd9e1388d2b8,b941f586-aecf-4a7b-be13-c8f9193266a9,26,2.1153938172472477,True,0.7884606182752752,1,2,38,2026-04-14 21:53:02.865000,mobile
408aa1b0-e915-4a0a-907e-3542fd87bbd6,885cb412-589a-4fc2-8d86-069bf74ddb42,216,5.731985396662841,False,0.4268014603337159,3,3,57,2026-04-17 12:53:02.866000,mobile
6597ff55-2fb4-479a-a657-39be5cb44eed,a90a9113-40c5-4f1f-ad48-2fece882932f,9,2.38619718449145,True,0.761380281550855,3,1,20,2026-04-14 21:53:02.867000,mobile
b6154925-08f9-4bd2-9d41-6dc589c025b6,eba76da3-b9b4-4b78-850f-3ad4b550d804,180,5.834855654394339,False,0.41651443456056614,4,4,66,2026-04-21 02:53:02.869000,desktop
f279aff6-8aab-4cc7-83ab-b263ebb30fb1,9e8809d4-8072-4c0e-8448-f32baa4fb8b5,53,1.7114795955428654,True,0.8288520404457135,4,1,16,2026-04-20 21:53:02.870000,desktop
ecafe0a7-1c9f-4c59-8be8-2ec297568c14,90d6c5cd-5db3-464c-8135-b415d4399d32,222,5.270288369388342,False,0.4729711630611658,3,3,53,2026-04-17 03:53:02.871000,desktop
a927cf15-f3b6-4bc4-b8ad-9be52de14073,fbf1348b-37bc-4185-900c-4be447bf366b,770,7.949003025873652,False,0.20509969741263478,1,5,82,2026-04-21 16:53:02.875000,mobile
34d620e5-de5d-462c-8e2c-ce62973307bc,f589dab9-c9d1-4a25-b10c-2d36e0400f15,12,0.9139608247706192,True,0.9086039175229381,3,0,37,2026-04-16 02:53:02.878000,mobile
997ab834-debf-4bbd-ac42-b9c4e69ce414,ca0b1a5c-333e-4929-a7c3-c8404013d98e,175,4.09066396759727,False,0.590933603240273,4,4,41,2026-04-18 21:53:02.879000,desktop
f710ebf1-d19a-416a-84db-204d49bb97ad,37bb2664-aad0-4e65-b460-de1e42a440e3,430,8.035138351039118,False,0.19648616489608822,1,12,95,2026-04-21 04:53:02.880000,mobile
c8182ba7-6619-478f-a8a0-509a05ba2612,d17b2f66-8501-44b1-89b4-593a45e4dc18,635,7.415772977279108,False,0.2584227022720892,3,9,100,2026-04-20 21:53:02.882000,desktop
007ca96f-bde8-4aa2-925c-743897fe0ace,99349a66-cef9-4829-a9ca-3484d81dd40b,147,5.245524922014086,False,0.47544750779859135,3,4,62,2026-04-15 23:53:02.884000,mobile
458d52f4-c048-42fb-aac5-8ce4567f7111,754f8719-b0de-4523-83a7-acd34f8cee6a,374,8.05138710288696,False,0.19486128971130395,4,10,87,2026-04-19 23:53:02.885000,mobile
e4bdd31c-4464-4cc1-bdc4-e4468b8aac0f,b685452b-ac0c-442f-8ae6-d692fce90af3,84,5.1113556205136605,False,0.48886443794863393,1,5,61,2026-04-20 08:53:02.887000,desktop
2c26cf37-61dc-4cff-a862-52c1e725da6f,45c90821-7d1b-4d04-8ce1-93ab946bfeeb,289,4.885579955527685,False,0.5114420044472314,2,4,53,2026-04-21 13:53:02.888000,mobile
f34979ba-dd5b-43a8-a406-8bd8d01613bc,aea08a3d-545b-4f44-8338-3cff7538e2d6,273,5.609710296669743,False,0.43902897033302574,1,3,60,2026-04-20 14:53:02.890000,desktop
9151863f-8bf1-4853-948a-8ee306cd9c4b,4c0184a0-4a12-4cf9-8b4d-a2b40f673b99,251,5.5091418972794335,False,0.4490858102720567,1,4,48,2026-04-21 16:53:02.893000,mobile
e8560d53-aa53-4086-87fa-951420355668,2ac738ff-1120-40f8-80fd-cf45e2349ddf,122,4.658555450492363,False,0.5341444549507637,2,4,46,2026-04-15 19:53:02.897000,desktop
eec00639-ab26-4096-9e52-20cdd4a653d2,10d0c810-6460-4af4-9c2d-f87239dd79b9,30,2.633929116938642,True,0.7366070883061357,4,1,28,2026-04-18 19:53:02.901000,mobile
ea5cc0e8-73a0-4662-aa14-c5f0bf3fae33,ffc1ec36-4725-4772-a3f9-fd0e24095dc3,161,4.782918278725074,False,0.5217081721274927,3,2,53,2026-04-17 07:53:02.902000,desktop
83ece712-5176-4daf-93ad-a5fd1495c0a6,8b17580f-2514-4e83-ba86-534e61ddf1b2,108,5.019662695219153,False,0.4980337304780847,4,3,63,2026-04-17 15:53:02.905000,desktop
7be3f8d5-8b31-4ff8-b123-ae85370675b7,6e258b97-063f-4c29-9ca3-620ed4cd45f5,992,8.669874518562802,False,0.13301254814371982,2,5,95,2026-04-15 12:53:02.908000,mobile
d25a4513-1c6c-4a1d-87f5-06f6f54a5386,6f26566d-ab07-4c7c-8c7c-135f8a5ef301,1088,7.238699540222955,False,0.2761300459777045,4,8,83,2026-04-20 08:53:02.912000,desktop
98d7d0a9-3b56-406c-8ade-64f49d447f24,20a937d2-5cbe-4714-a70f-c24c89272e1f,227,4.335268160916059,False,0.5664731839083941,4,1,51,2026-04-16 07:53:02.914000,mobile
73de5208-71fc-4f8f-bae0-03abf64d1a2d,203ae02b-6e17-4360-9cd3-e8460485bf28,959,7.027607269320789,False,0.2972392730679211,3,15,100,2026-04-14 21:53:02.917000,mobile
75e02597-d30c-47f1-a005-21fcabf7cc5e,f24f67a1-238e-4d92-8025-1c151828890e,258,5.162158815733911,False,0.4837841184266089,1,2,43,2026-04-15 13:53:02.918000,desktop
7a2fdbfd-eb5c-49ff-bee6-4efeddb42f96,7f167afd-2c9a-4189-8bc7-8df52b5904d7,604,7.555507492153941,False,0.24444925078460591,4,11,83,2026-04-20 02:53:02.920000,desktop
cac7c6a9-63c3-4123-956e-36963d000b03,c8f5735e-0885-4ae7-a459-c35aecaf8bbc,117,5.022973013421814,False,0.4977026986578186,1,1,61,2026-04-15 04:53:02.921000,mobile
d80f6f86-e526-4ec6-8394-dac42a90548b,6b1a8814-b485-4689-ae0f-411cf31f6f9f,27,0.8115215472955448,True,0.9188478452704456,4,2,36,2026-04-15 07:53:02.922000,mobile
e37f82ae-3b42-418d-8804-aa035cd90985,30830cc6-953d-493d-bbb1-e2a5b1c1d085,630,8.048640937716465,False,0.19513590622835353,1,13,88,2026-04-15 07:53:02.929000,desktop
3196f230-dcf2-4b4f-b817-bdfe7cb64d21,92e5fcc2-375d-4fe2-9f2e-4d83804531b1,83,5.921261491539658,False,0.40787385084603417,2,2,46,2026-04-17 14:53:02.930000,desktop
f287e195-9c2a-487d-9105-b9b424d14f02,2c78f4ae-1c38-43ec-a67e-eb4227f3e06d,13,2.727702017010407,True,0.7272297982989593,2,1,17,2026-04-16 11:53:02.933000,desktop
c2f1738c-8d03-43be-9163-45bb89a4f91e,bfc546f6-58e1-4bd8-82d1-e209c0d4a5a5,1159,8.209623666237913,False,0.1790376333762087,4,12,88,2026-04-17 23:53:02.934000,desktop
ada4376d-9f58-480c-8062-2ac305ed775f,4db075b7-f9e8-4e1b-90ca-699ea647219d,492,8.223967445212953,False,0.17760325547870479,3,6,76,2026-04-16 15:53:02.936000,desktop
f6dce819-765e-4d82-816f-37bdbbb5b6d6,6881cd7c-c02b-4941-894a-0a013cbb24e8,996,8.06645298603026,False,0.19335470139697405,1,7,89,2026-04-19 21:53:02.937000,desktop
686ebd21-b6d1-4862-8140-e1876ec1c217,7bd8174f-70f9-4433-81b4-59ae443ab667,1184,7.6862935400650265,False,0.23137064599349733,4,11,78,2026-04-17 10:53:02.939000,desktop
4203cf9e-d1c9-4277-ae64-31528a3aeac3,5c764739-2ab6-4ce2-a4ca-92702e3557ec,519,8.688234560290256,False,0.1311765439709744,4,11,78,2026-04-15 08:53:02.940000,mobile
75aa183b-77ef-43ea-b4b4-f3363047d5f7,a64e87e8-0ee8-435a-be04-2f847647584a,7,1.8574029022657186,True,0.8142597097734281,3,2,31,2026-04-15 06:53:02.941000,mobile
bbfe6c7a-d360-40e0-abf1-cf026ba9690b,9e6a8565-aa0c-4afe-bd1c-a2c71d2b103f,109,4.311141727229391,False,0.5688858272770609,3,5,41,2026-04-18 09:53:02.942000,desktop
dfc14348-e440-4ef5-8c18-91f3850b2118,30972d78-e62f-4c8b-b1dd-d03f7ecfda2f,446,8.047819710969744,False,0.1952180289030257,1,10,89,2026-04-16 21:53:02.943000,mobile
999fddff-3093-4676-a738-dfdc9bf2ad34,56841af7-a584-4f86-98a5-dd2334db55eb,1002,7.352711457145766,False,0.2647288542854234,4,6,73,2026-04-15 00:53:02.945000,mobile
487fab4e-c7b1-4f3a-9ef0-56b7ff8516fe,84e3f3aa-abdc-4190-a88c-39ba6c4065a4,133,5.598745330386754,False,0.4401254669613246,4,2,46,2026-04-18 10:53:02.947000,mobile
b91f8e68-2119-4748-9861-3e5b7d315420,19e910ef-d93e-4048-bc14-ef22bbab8e8a,693,7.101073702276864,False,0.28989262977231367,1,6,78,2026-04-17 12:53:02.950000,desktop
31606ac3-f999-45b1-94a1-44ceb3e29dea,8ddc49b3-9fa1-4056-914c-61170758040e,1135,7.711229449783902,False,0.22887705502160982,1,14,88,2026-04-19 07:53:02.952000,mobile
ca59e6a3-a419-40a6-8304-11e96f3061d7,2c444e1d-5de3-49b7-83ea-79062e8b6815,139,5.672899078364858,False,0.4327100921635142,2,1,58,2026-04-16 03:53:02.955000,desktop
cdadd7db-4ef3-4b6a-b6bb-7c48fbef25a6,f9f4818d-6272-40bb-b42a-1ae0b96af3c2,186,4.225269256790587,False,0.5774730743209413,2,5,56,2026-04-18 06:53:02.961000,mobile
077cc2be-2f04-4395-aee5-c446596bb51b,f20988f7-f1f2-4f74-bdef-a33417787904,229,5.111241182791179,False,0.48887588172088203,4,5,59,2026-04-18 05:53:02.963000,mobile
84486529-4315-4c74-b48b-aaf84983b6e1,b15237f4-4110-40e2-ba8e-cd7616afd07d,626,7.432459110490644,False,0.25675408895093565,1,13,82,2026-04-19 03:53:02.965000,mobile
56943862-a649-4581-822a-5722e605572f,c0e9c148-406b-4e2c-91f1-37e7d791b142,12,0.5743711401075071,True,0.9425628859892493,3,2,19,2026-04-16 02:53:02.967000,mobile
d5c2886d-ad0f-4880-8a8f-7e872e3cc6d7,f3a0f369-c899-40ac-8a88-cfc09aaaf103,268,5.315557803614826,False,0.46844421963851735,2,3,46,2026-04-18 20:53:02.969000,desktop
d15bd667-b39d-4ade-8224-9fa2e249db1d,67a041f1-5118-4c7d-a542-462d5a6cecfb,31,1.2714420571025098,True,0.872855794289749,4,2,9,2026-04-19 07:53:02.970000,mobile
5f0dc6c3-db48-46da-8403-7e17c6f980a5,9bd3dbd9-a5b1-4cde-a568-9ff6e5d82e3d,219,4.730350648408539,False,0.5269649351591461,4,5,42,2026-04-20 12:53:02.972000,mobile
156d6355-6103-4e78-b7a5-7927d7ab1c9b,02e413a7-5ce8-4234-8b9c-3c910887a9a7,707,8.330984079957457,False,0.16690159200425436,3,12,94,2026-04-20 18:53:02.975000,mobile
493dcf78-7a1d-4356-b83b-4a9701104a5e,4b8b9268-16f8-46a8-9401-01f25710eb65,252,5.841508624416586,False,0.4158491375583414,2,2,64,2026-04-21 06:53:02.978000,desktop
b67967bd-f263-49f5-802b-c26766f9d786,59dac5dd-df79-48b4-b511-8e61eb9ac001,225,4.153369412220062,False,0.5846630587779937,1,3,45,2026-04-18 06:53:02.979000,mobile
7b1101af-76fb-4389-ba27-ab0b5e7d816e,c082a65e-1394-4e39-9d0e-c1afa65e887c,201,4.6315732962596945,False,0.5368426703740306,2,4,45,2026-04-20 14:53:02.980000,desktop
c5bb9d5d-60c4-4445-85f2-7500b62e03d5,5a811bcd-a896-4857-a6f2-aa5a6f352295,174,4.956327602163918,False,0.5043672397836082,3,3,43,2026-04-19 20:53:02.982000,desktop
2c546c2d-4044-409f-9031-31ad6deeb6b1,222ea50b-a15d-4728-9cfb-54eeaff6799f,33,2.92996627141264,True,0.7070033728587359,3,1,4,2026-04-14 23:53:02.984000,mobile
02d80534-a300-433a-9221-b4a0700111e3,1d96eacb-da37-4f73-814b-9e63f0d0275b,41,2.4991328833483806,True,0.7500867116651619,1,0,4,2026-04-14 23:53:02.985000,mobile
4a40985d-d922-42af-9883-1db0054bb428,df500a1c-8525-4b8d-99b8-9d95934c789b,119,5.616643839287439,False,0.43833561607125604,3,3,58,2026-04-17 22:53:02.986000,desktop
758a8967-91ce-4bdc-a3a4-3b72de9c8439,1c445446-145a-4b59-b132-519f2a650793,213,5.647002943781182,False,0.4352997056218818,3,2,69,2026-04-21 02:53:02.988000,mobile
5677112b-e9c3-488e-9738-f905ee182a74,8a7afeda-53d0-4e69-84a2-96904cb364c8,1020,7.653206562635575,False,0.23467934373644248,2,9,88,2026-04-17 20:53:02.991000,desktop
7244f7e9-d88a-49be-8a6a-2478a6d1684c,01b37efa-188b-45de-b3ae-34bd320bad2c,716,8.621131629352561,False,0.1378868370647439,4,12,74,2026-04-16 06:53:02.992000,mobile
cf77bd83-854c-4a78-b520-0dea85c3d056,11ffa07b-6941-48e5-84d8-95ab876e2c04,56,2.3415519249700694,True,0.7658448075029931,1,1,14,2026-04-20 05:53:02.993000,mobile
fe040afb-7d47-44f1-b52d-6d33f67422a8,73875935-6087-4b6e-92f8-5a90cd8ad65c,234,5.174930397613443,False,0.4825069602386557,2,3,51,2026-04-15 20:53:02.996000,desktop
c249cca7-fa9e-4d5c-8a55-a87128b004b3,ba6a7eb5-970f-472f-aa08-066b50a5defa,32,1.5732297911594149,True,0.8426770208840585,3,2,29,2026-04-21 14:53:02.997000,desktop
0480f30d-b29c-4b73-a69f-16ad510c2e30,bef9a466-5a86-4c4e-b70c-1995dfcd2566,657,8.791400436915126,False,0.12085995630848745,2,9,96,2026-04-19 19:53:02.998000,desktop
dbe506a7-260c-4583-9eca-e932755ac1ea,7586382b-3226-4f93-b130-319c0decfebd,277,4.923287270602945,False,0.5076712729397055,3,5,47,2026-04-18 09:53:03,mobile
0223335c-fed7-4ed9-b265-6cb9286ed5bd,9907710a-c937-408a-8136-5e666a00bfca,983,8.482674265633158,False,0.1517325734366843,1,8,97,2026-04-21 02:53:03.003000,desktop
eb506e4a-4285-4a27-8b3a-11376c3d36ae,93c27228-255a-4224-85b8-66a7da024430,211,4.959806420702789,False,0.5040193579297211,1,5,70,2026-04-15 13:53:03.006000,mobile
827c04ed-e44e-48d1-a91d-0cd69df0544f,34309ea2-67b4-4af6-bd08-945545a8f051,134,4.208955178476206,False,0.5791044821523794,2,5,53,2026-04-21 09:53:55.617000,mobile
27308174-dd86-4880-99e8-d056c08ae3f0,2d287a21-5132-4eb3-8d3d-7d5cfad9296f,277,5.223808237717838,False,0.4776191762282162,1,1,53,2026-04-19 21:53:55.624000,desktop
05a12f50-f428-4dda-942d-0c6fb4df3932,52a9722d-c4a7-430d-b1d6-5a581bdc6cf3,114,4.530504129233705,False,0.5469495870766294,3,5,53,2026-04-17 23:53:55.626000,desktop
64f1249a-6f4c-4aa5-8f5b-1edfa6d5f606,ccea2227-a06e-4118-ba8d-e7c73707c598,94,4.256906519288272,False,0.5743093480711728,4,2,44,2026-04-16 12:53:55.627000,desktop
75074058-1e7c-4821-815e-4d9d0a3ee54b,767c2fb2-d97f-4ce5-9e7c-439b0c473fb0,87,5.035491830760912,False,0.4964508169239088,3,4,64,2026-04-20 12:53:55.629000,desktop
91c30c50-637a-4367-9f01-471b66eff12a,810809f5-5f19-4bb3-9c7e-8c63df5e18b4,200,4.583703944790337,False,0.5416296055209663,1,3,69,2026-04-18 10:53:55.631000,desktop
0eb567d6-19c4-4b0d-ba5a-041524f647bd,a02f8b66-3e8d-48e5-b7a3-be536a2b6f92,297,5.835022734761044,False,0.41649772652389555,3,1,58,2026-04-18 09:53:55.633000,mobile
ab804a1b-1bf9-47b6-8c5e-da61ed0ae0e2,34d97972-92db-4f95-8edb-230516eb5fb3,57,1.9712946425575133,True,0.8028705357442487,3,0,17,2026-04-17 05:53:55.635000,desktop
10d35931-ad45-4a9a-958c-90a43884c126,72241a6b-6c42-4e23-82c1-3ae94cbb2a0b,382,8.24098282864444,False,0.175901717135556,4,9,75,2026-04-16 22:53:55.637000,mobile
561970c9-266e-492c-9eb7-b954980a31d8,9c104553-a1f8-4e5f-bd9e-f12a3361550d,258,5.474082404905599,False,0.4525917595094401,4,5,66,2026-04-15 18:53:55.648000,desktop
11bea8b2-f1bf-4262-8604-34dceb34fc99,e7a902b1-6618-4373-808b-dab1b1d96fdf,53,0.5495793592162528,True,0.9450420640783748,3,2,16,2026-04-19 10:53:55.649000,desktop
609ce64c-6c3a-4ba1-95bb-a623fc3631d7,b9eea2df-e8eb-47a6-872b-db09742d4058,296,4.815258398072595,False,0.5184741601927405,2,5,61,2026-04-20 20:53:55.651000,desktop
4688c21d-cb3f-47aa-aee2-6d3263923f48,a0dac14e-96db-4a40-aa9d-563298aad62d,98,4.523486143244058,False,0.5476513856755942,3,5,52,2026-04-20 14:53:55.653000,mobile
dfac1dbb-d2dc-45e0-95ca-9b0b9def4f0b,b0cee226-5fd5-43d1-8254-5ba3b10a1fdf,165,4.072044528315775,False,0.5927955471684225,1,4,45,2026-04-20 01:53:55.654000,mobile
a90e35e5-44c8-4ded-9f53-70ce079ea559,0a0db60a-18ca-4064-a0d6-d7ddb67652e1,38,1.477636452568012,True,0.8522363547431988,1,0,22,2026-04-17 00:53:55.656000,mobile
729e6fec-32b7-419b-bf5b-e4d04d78c7b2,8b5a88e5-23f6-4d48-a629-d115a91bf231,6,2.3435427222116347,True,0.7656457277788365,1,1,11,2026-04-21 07:53:55.657000,desktop
107072b3-942a-43fb-b484-771c0022fa3c,c10f770d-108b-4617-ab68-db93363e54c3,760,8.769686487312278,False,0.12303135126877225,4,6,95,2026-04-21 14:53:55.658000,mobile
ea16b544-dbc0-4723-9368-120372d9aa7f,59a791f3-57a3-46dd-ba30-e8b94793def6,231,5.154021182629482,False,0.48459788173705176,2,2,41,2026-04-21 01:53:55.660000,desktop
0a361629-f7fa-4d14-a89c-c414502aa254,57d0461c-7505-4acd-80ce-13955f1ef8a9,606,8.923607982561968,False,0.10763920174380313,3,10,78,2026-04-19 09:53:55.661000,mobile
16bd4b1b-c987-4160-8bca-df51d68dd463,efe9fb10-dfe7-41d6-ae1b-0bb5941d9472,112,4.615634108485453,False,0.5384365891514548,4,2,49,2026-04-17 20:53:55.663000,mobile
4bacc38f-44d9-4f5e-bcc7-e840d7dd5d34,b3c0f550-e669-45c3-b951-447802c53a43,189,4.30099022359303,False,0.569900977640697,2,3,64,2026-04-21 08:53:55.666000,mobile
5189e2e5-8bd4-4adf-8504-bc126d23a952,b43a33b4-4691-40b2-938f-ef895ffff9a1,242,4.093211326713728,False,0.5906788673286272,1,5,59,2026-04-16 20:53:55.670000,desktop
7d9dab48-dff6-40d9-8cd6-fc8a2fd8c54e,fa78294e-a698-4d21-abc9-bfd8e9336ec4,849,8.992061123355166,False,0.10079388766448341,4,8,91,2026-04-17 21:53:55.674000,mobile
30156651-11a0-4ee8-8150-8257da0d2814,5340bf17-c43b-4ab0-b6b8-a4689cb44970,68,4.245117811444414,False,0.5754882188555586,3,5,44,2026-04-19 19:53:55.682000,mobile
b0a6744a-66fb-490e-a3ea-19de384c4cf4,83598f4e-b6f2-488d-ba2c-806fc206eafa,224,4.698387842153542,False,0.5301612157846458,1,4,63,2026-04-20 09:53:55.689000,mobile
26d1e749-1ae0-4264-b215-742e5960f9e4,b0e0a73e-4c15-403a-b0e5-20507bb4c363,65,4.472386401774891,False,0.552761359822511,2,2,60,2026-04-16 17:53:55.695000,desktop
0897bd0b-661f-48fd-b694-25541e40c8cd,bcdd84fd-0e1f-46a7-9c2d-00bd487d8cc1,244,4.165983023935351,False,0.5834016976064649,2,4,64,2026-04-17 16:53:55.700000,desktop
007a19ce-6e2a-4eb3-88aa-8877c122ac4f,75d80ca5-60c9-4afd-95ed-9ba4903e6361,241,4.105821254368465,False,0.5894178745631535,4,2,53,2026-04-17 21:53:55.711000,desktop
3502ee2c-7457-4790-9a54-b588839432c2,0df979d4-f0b5-4fd4-b5f8-30c9d915e1c5,47,0.8308909028812099,True,0.916910909711879,3,1,19,2026-04-20 17:53:55.713000,desktop
cb550c33-e78d-4aa4-9756-1690ac44c013,a29ba6ef-e4cb-44d2-9a4b-a599003bbad7,221,4.312135863625749,False,0.5687864136374251,2,1,43,2026-04-17 14:53:55.715000,mobile
5d18e172-7101-4bd8-aba2-4cb33eacb969,de6cac56-e7f7-42b6-a192-d49abeda9ee0,60,2.69959344315156,True,0.730040655684844,2,1,26,2026-04-16 12:53:55.717000,desktop
756880fa-109c-453e-8eab-e4ddafb5e4af,6a10554b-6ba8-4c96-b792-c8a73bbf9e94,52,1.7858259014859108,True,0.8214174098514089,1,0,39,2026-04-21 00:53:55.722000,mobile
d2239f39-b087-4458-b974-bf18c95ca9e2,ef3b3827-b1f0-4025-adab-a1967535e7c4,91,5.503114937574906,False,0.4496885062425094,4,5,62,2026-04-18 14:53:55.723000,mobile
aa498ba8-4cd1-48ca-b474-8e6bd45b7062,d2c87e66-f18c-4421-b5eb-955dd833b4e0,8,2.086533016764327,True,0.7913466983235673,2,0,20,2026-04-15 15:53:55.725000,mobile
91f4ca2d-3dec-4f22-b594-2547c27b8497,650961ab-bd27-476d-9002-fb9f4d706adc,664,7.4397380365430985,False,0.2560261963456901,3,7,78,2026-04-21 14:53:55.728000,desktop
da6df55d-aefc-421e-9416-c6a72c4b5f2c,2cd035db-ac49-4665-a6c7-91bd2451bcb1,1044,8.235841984908046,False,0.17641580150919542,4,5,97,2026-04-19 17:53:55.730000,mobile
5ade594b-4c25-470c-92ed-88f159af4f00,00f3db1a-bc93-47c3-a58d-961f4f8b0dcc,32,1.906322745867703,True,0.8093677254132297,2,1,21,2026-04-21 19:53:55.736000,mobile
e9a1c81b-f360-4c50-8f7e-0fad4369790f,5685f747-a0fc-4c06-96d3-16b5eaf8b71b,199,4.938886949513615,False,0.5061113050486384,3,1,40,2026-04-20 05:53:55.745000,desktop
745bdb4b-0760-40af-a736-715a236026e4,baaf42f0-cb62-4f80-b217-d62054702017,48,0.5415516371300519,True,0.9458448362869949,4,2,22,2026-04-15 04:53:55.748000,mobile
ede2b76a-8c04-4e07-803b-7785b73bb3da,ed0334e0-2d0b-4efe-a1ad-10cc84f4bea4,209,4.424357265638442,False,0.5575642734361559,2,5,40,2026-04-18 17:53:55.750000,desktop
d42cc713-b355-4758-af88-fdc461ae9505,78c6a26f-d60d-4277-8b91-d9df60112531,20,2.8334365782787785,True,0.7166563421721222,1,1,39,2026-04-20 18:53:55.752000,mobile
22ed238f-0773-4bf7-8855-c390a5eedf56,acf5e5b4-e0b7-41af-92e0-193a2aeedb8a,1092,7.850527106107907,False,0.21494728938920932,1,6,91,2026-04-16 04:53:55.754000,desktop
70cd63f7-22fa-43be-ac5a-79dbbf91fee2,4e62bcd9-62d3-429a-98f2-2f42dad1e83b,588,7.142580679048268,False,0.2857419320951732,4,12,87,2026-04-17 04:53:55.755000,desktop
2fa1e518-586c-438d-a519-0046067c844a,ea064e2e-05a5-4a96-b756-cd58ecdf81a1,116,4.737045479393302,False,0.5262954520606697,4,5,60,2026-04-17 11:53:55.757000,mobile
621a75a2-300e-41eb-b15f-9c79447fd5a7,71b7da6b-ec50-467e-a43a-2dd56af0c2cc,215,5.58124123713549,False,0.441875876286451,1,4,64,2026-04-21 01:53:55.758000,desktop
7c9dc2b6-682a-4d45-b651-ea56c8a320b9,3bf25482-22da-4aa9-83dd-61a1cef3f1c0,685,7.8777197240770285,False,0.21222802759229717,2,13,89,2026-04-15 18:53:55.760000,mobile
c482744b-60d0-4c71-9324-7c4291b86e71,2d894ccf-9616-4a2b-a5dc-b52cb658d617,145,4.958036469463368,False,0.5041963530536633,4,2,49,2026-04-16 10:53:55.764000,desktop
e04f3c1a-3b2f-4392-b60b-b3296ccd6ab6,32dd2d62-348a-4959-a342-624ee3d03814,270,4.574232945799892,False,0.5425767054200108,3,2,46,2026-04-17 08:53:55.774000,mobile
dedb6f13-2164-48b1-9756-5d142b9ea0eb,0d9aa2bc-e70a-4797-8a8a-77a0ba40ab97,24,1.8670228367840522,True,0.8132977163215949,2,1,23,2026-04-20 17:53:55.775000,mobile
e0092c95-6046-44a0-9a16-1a7028baa9d6,a7e15226-2e05-402e-9218-aebd5cd49338,830,8.685419440830117,False,0.13145805591698836,1,5,99,2026-04-15 16:53:55.777000,desktop
957ccbaa-6994-4820-9e7c-e144d62878ae,5de3221d-01b5-4522-baac-6c8076774f31,732,8.920579282977391,False,0.10794207170226089,1,13,94,2026-04-20 12:53:55.782000,mobile
d3ed60df-c2ba-4588-ba74-86d5d46cb63a,e57b121a-5f55-4e33-ade7-2a694a75db2b,78,5.094716590975433,False,0.49052834090245667,2,5,55,2026-04-19 04:53:55.789000,mobile
2bf1bdd3-56da-4df9-a913-72487fd6ec0c,17f79785-825e-41a3-b55a-49c632283ba7,465,8.578416469266084,False,0.14215835307339153,1,12,78,2026-04-15 15:53:55.791000,mobile
daa3c499-8522-4106-88c0-ddcf059bc9d2,cb867107-63d9-436f-9b2d-fcf10d31d39d,453,8.41667588360449,False,0.15833241163955103,1,12,77,2026-04-19 08:53:55.793000,mobile
40f041c0-cedf-4bdd-9f11-acac21ab4c1c,2a429a2e-085a-4c20-9609-1138c1ea6377,36,2.796676090082295,True,0.7203323909917705,4,2,32,2026-04-19 09:53:55.794000,mobile
33a1ac3b-3003-4ade-a413-b1b65712878d,5e19962a-2bbb-4cbe-bb6e-4ad39a72ee31,53,2.489243983994127,True,0.7510756016005873,3,0,3,2026-04-21 12:53:55.796000,mobile
557dd04a-84ab-4815-a1a8-b65cadc707cf,83931807-2fa7-4bd3-a817-dbf41095703d,561,8.168426913387686,False,0.18315730866123142,4,13,78,2026-04-15 20:53:55.797000,desktop
cb9d801a-73be-427b-bbd4-08758af7fbff,f6cdd40f-9c4c-4f68-a1d2-1d0139da6c9d,280,4.503243926055145,False,0.5496756073944855,3,5,49,2026-04-15 19:53:55.799000,mobile
569debd8-7837-4eb5-affb-b3df14b4de77,0a2bc866-6a01-48e6-90a3-28252445bf3c,56,2.1279377559220247,True,0.7872062244077975,2,2,17,2026-04-15 15:53:55.801000,mobile
7eb3e859-5699-4c3a-95f3-63d57228093b,ddca4431-b984-4f72-a5c1-6bb02660c4c4,135,4.647652862273791,False,0.5352347137726209,4,3,44,2026-04-17 04:53:55.802000,desktop
b293c727-5e7c-493a-9dee-d26ab22bf591,57080cca-570c-452d-a27c-468e8806d9de,129,5.161705534480107,False,0.48382944655198934,1,4,47,2026-04-15 10:53:55.803000,mobile
9a8779b7-0e4c-4ec9-af34-97d04b8fdfe1,84e91b38-68a3-490e-aa7f-1a173ca2646b,239,5.5215215219207785,False,0.44784784780792214,4,1,69,2026-04-17 08:53:55.806000,desktop
d7d41413-11f1-4259-bd90-6611a82a960a,7872af02-0308-43a0-bc45-fdab8fde0238,34,2.0742767591564473,True,0.7925723240843553,2,2,34,2026-04-18 09:53:55.807000,desktop
36650d98-04a9-4f8e-9bfd-ccd3450e162e,c7da94f4-5371-4539-b1c3-6255f83f4e90,300,4.551126636245401,False,0.5448873363754598,1,3,63,2026-04-19 23:53:55.808000,desktop
fca702ad-25d3-4b87-addc-f2b0dbbf9ccc,644affee-d2b8-487f-bb6d-fd748d113484,261,4.355221731419478,False,0.5644778268580521,3,5,41,2026-04-16 14:53:55.811000,desktop
2821d6fa-280e-4d26-b3e6-466f9117dc79,f22a9355-62eb-47e0-8991-b7bc18c8bb86,43,2.392314631884423,True,0.7607685368115578,2,2,35,2026-04-18 10:53:55.812000,desktop
082044e9-8fe3-4d22-8e08-8fe2d29cc409,927161f6-8e6b-4434-bc85-36dbea6b4c80,456,7.366533221326561,False,0.26334667786734395,2,14,98,2026-04-19 08:53:55.815000,desktop
f561aa8f-0ffb-4478-bc6b-fd50a987a71c,879fd358-d781-444a-84f3-5278ffd51ee7,8,1.5411265566363515,True,0.8458873443363648,2,2,34,2026-04-19 04:53:55.816000,mobile
fb760c38-9883-4c26-bec0-bfffb8cd520f,f7e35a61-a793-432f-969b-4bb2898ab3f1,263,5.9534966425406575,False,0.4046503357459343,4,4,55,2026-04-19 21:53:55.818000,mobile
ab04bc19-88f9-48ed-95f9-c78cb1259d29,f30f560a-5e3f-4a8a-8f19-afac84dd7cab,198,5.457293126291404,False,0.45427068737085957,1,4,52,2026-04-19 14:53:55.820000,desktop
57f7401f-dbf8-4a55-ab06-05ebd1031994,1e19a3e6-b5be-46ba-8e9f-534cda4bf2eb,235,5.0068045603341105,False,0.49931954396658895,2,1,61,2026-04-18 18:53:55.821000,desktop
d94f57a2-e115-4292-95c0-7b9cf25ae73b,31df2f3e-3ce6-448c-92c9-99020310f450,506,7.001957723713433,False,0.29980422762865666,4,10,77,2026-04-20 13:53:55.823000,desktop
2906b1a5-88dd-47f3-8a63-4f810908c5c3,2c5bd926-7c89-4d68-9eb6-fb5a6805c3d1,24,2.0631473628250863,True,0.7936852637174914,2,1,39,2026-04-19 02:53:55.824000,desktop
b54f6a86-ddc1-438b-bff5-884fc5202053,f6296fdc-fb15-4b8e-a2aa-55cd143fa4e7,1095,7.353122350437824,False,0.2646877649562176,1,15,96,2026-04-17 16:53:55.826000,mobile
4080a860-f81a-4693-bb66-1e41aafc21b6,aedad264-5609-47d1-a4ca-4552f48294ff,62,4.1018558695647815,False,0.5898144130435219,1,3,62,2026-04-17 20:53:55.827000,mobile
c6b374df-6eec-4740-9938-c79ac8012f17,8d3ab49f-07bd-4536-a57c-e1a9c0fdda83,98,5.09198738214648,False,0.49080126178535194,3,5,67,2026-04-19 13:53:55.829000,mobile
7ec0c86d-37b4-4fe4-9589-7c8d0635e0a0,cf98c2e8-1d1c-4137-afd2-4e4de6f74871,113,5.826051533019524,False,0.4173948466980476,1,4,44,2026-04-21 03:53:55.830000,desktop
b5e3480d-48c0-461f-953a-2aaacbc4cfb9,b62c3371-74ff-4714-8263-623b9b8b1393,1009,8.36255129080773,False,0.16374487091922693,3,15,86,2026-04-21 14:53:55.831000,desktop
a8c8813d-2257-4792-b8a8-8c8e0d7820da,1fe94cfd-6670-4711-bebb-baf0fb2000dc,652,8.850483257590682,False,0.1149516742409318,3,14,87,2026-04-18 19:53:55.833000,mobile
59368118-101f-45ec-a278-e28579294165,70fc4b6a-f50c-493e-a4ea-a5273f18b5c8,205,4.473421353898716,False,0.5526578646101284,4,3,47,2026-04-15 12:53:55.835000,desktop
2c9227a2-da27-4671-b322-95a274b28790,c0a556e3-0cc1-4ec1-b3e2-fd1241c86cbb,1197,7.778111556774692,False,0.22218884432253078,4,11,83,2026-04-16 06:53:55.837000,desktop
cf1e76db-c714-463b-9147-e23e3344a7c3,de4e50d6-19ae-48cd-bbd5-debac937be9c,200,4.75898796541562,False,0.524101203458438,4,1,53,2026-04-17 10:53:55.838000,mobile
1470483b-79e4-4e70-9cc2-019595db3188,07d06849-1cad-4b6c-a209-c4e06f608811,151,4.204992764190645,False,0.5795007235809355,3,1,45,2026-04-19 09:53:55.840000,mobile
2e50c697-8a45-42e2-9787-f33c56117e06,7f56fb38-efc5-41c0-83f1-98f4fa177ed9,50,1.0078210637872882,True,0.8992178936212712,2,2,1,2026-04-19 05:53:55.842000,desktop
e1789e95-9090-4bbc-996f-cbcc6f3d5abe,b706e9d2-9a30-4030-835d-d36ae26cfc2c,63,5.719186688144664,False,0.42808133118553365,4,4,40,2026-04-20 01:53:55.843000,desktop
c4fac853-9341-47a7-b023-457f424ce438,bd16860f-19d0-4dc9-adf2-11551f73f03d,1041,8.83018779388899,False,0.11698122061110093,4,12,95,2026-04-18 15:53:55.845000,mobile
b8a48d1f-2a45-4c9d-b22a-ff3b6352d04f,5e12906f-5e88-4ec3-a5b7-b61ed1a6a2e0,109,5.260737018959237,False,0.4739262981040764,2,2,70,2026-04-15 12:53:55.848000,desktop
b45e361c-79e4-4c05-ae0a-767fdc3dc1b1,ef1fd76d-0f3c-4284-8e34-f38a388f083c,627,8.831269895346132,False,0.11687301046538688,1,13,88,2026-04-19 06:53:55.850000,desktop
db431602-5c97-425a-8ff4-f56f05433f6f,5e923a92-bac6-4922-a04c-e6b353ddf8e5,1190,7.949475613937468,False,0.20505243860625322,3,11,81,2026-04-18 22:53:55.852000,mobile
2a8a3cd6-99fb-42ef-891e-b8752024032c,234f98de-21bb-46fe-9a51-9ddabfbe6b8b,368,7.215019351297073,False,0.2784980648702927,2,5,81,2026-04-16 12:53:55.854000,desktop
d8114272-5247-4410-953c-10aaca4d9a34,87020fd1-1f05-4434-be5c-86a972a6211d,77,4.4948770761092725,False,0.5505122923890727,3,1,46,2026-04-16 00:53:55.856000,desktop
7c82850b-af02-4eb9-87eb-829798e13ccd,ec294c0f-71c6-4022-a80c-558fdc5b61a7,56,1.0604361971982694,True,0.8939563802801731,3,0,26,2026-04-16 10:53:55.857000,desktop
9d868235-ee39-4d75-999a-c9d7c3c90dd3,781cb58f-400f-4c67-8fd9-b8075973ec46,63,4.003817379504997,False,0.5996182620495003,1,3,69,2026-04-14 23:53:55.859000,desktop
77383d74-c7f1-4adc-87dd-5b852c831b29,710523df-5900-46f6-81ff-485415ea4c2f,1078,7.140164197461852,False,0.2859835802538148,3,14,94,2026-04-21 13:53:55.860000,desktop
2e180406-2a3d-4a3f-b488-773bcc3688aa,b934bb76-5ebc-4740-b6d1-459f6aa906b2,26,0.6976317864465855,True,0.9302368213553414,4,0,37,2026-04-18 22:53:55.861000,desktop
047dee86-5877-4ffb-82f3-c3374fe7083f,f5362abe-c39a-42d5-919c-5ad5e2178f60,122,4.65302413255629,False,0.5346975867443711,3,2,60,2026-04-15 10:53:55.863000,mobile
90731584-98fd-4140-a31c-a4c37f7b710a,13810279-0ab7-4313-82d9-53c421383b32,54,2.6667288753625575,True,0.7333271124637443,1,0,14,2026-04-21 03:53:55.864000,mobile
c152cbc8-01fa-4930-b88f-6ec67222879d,b98d08eb-c88c-4be7-b4f3-99ab2715aa2a,102,4.380768515237139,False,0.5619231484762861,3,3,63,2026-04-16 18:53:55.866000,mobile
b7a69bb0-3c91-45af-b385-d8445030f56e,cfd8b914-3dae-4a8e-9b2d-71d0e1247f87,140,4.082582400334546,False,0.5917417599665453,2,3,70,2026-04-16 03:53:55.868000,desktop
9dc03cc3-1a29-4e41-99b9-59e06ba99510,7bbaba7f-cd51-46d1-a18e-da589e78d51b,818,7.420947722530155,False,0.25790522774698454,4,6,95,2026-04-21 07:53:55.869000,desktop
4388f3de-3eab-48a2-b72c-f464f1047564,5fd0b258-4fa8-4f23-b5a4-da3a0d816c1f,1195,8.251042137224944,False,0.17489578627750552,1,10,99,2026-04-16 10:53:55.871000,desktop
7d266a71-7a23-4b93-be9b-6869e717d33a,4e29e676-5acb-4a41-9b3c-e8ef3165a614,456,7.392387598119495,False,0.2607612401880505,2,13,71,2026-04-18 01:53:55.872000,desktop
61bf279d-7cef-494b-a9b5-b39d8d9a02d2,4541fa14-69a7-489c-83c5-94e77f5a8c57,17,1.8477241614407376,True,0.8152275838559262,3,0,6,2026-04-17 00:53:55.874000,mobile
226db0db-922e-45a7-804c-5862807d8a26,428120a4-6de3-4a80-9743-c3a82d4c3185,300,4.629356115594443,False,0.5370643884405557,1,1,61,2026-04-18 18:53:55.878000,mobile
5229dd97-69e9-408d-88e2-9a2a5e30e748,a47e834d-673e-4eb8-a1f9-5c6d4d1187c0,1200,8.915201187114588,False,0.10847988128854112,4,6,82,2026-04-21 03:53:55.879000,desktop
6d2d7cf0-c36c-43c0-a588-9c5822ed6cf2,6e8bafbb-9487-46fe-9a1b-5802c8920a1d,80,4.620370216796294,False,0.5379629783203705,1,2,59,2026-04-20 11:53:55.883000,mobile
c6915ba1-e8a2-4cc2-b768-2bccbfee5036,0d3a7f45-9133-411a-97df-82b7b2a75980,216,4.753428930863318,False,0.5246571069136682,2,1,69,2026-04-21 10:53:55.884000,mobile
20db9a12-dfcc-4a25-9fab-675facbb0786,4b6531cd-c432-40b4-9eb0-1000d84afc1b,116,4.963939176083207,False,0.5036060823916794,2,2,69,2026-04-16 19:53:55.886000,mobile
8853aa8e-b984-491a-ab2a-ad286655a584,b1195a1f-60a5-45b4-a51f-b032414c9455,306,7.823294953599294,False,0.21767050464007054,2,10,81,2026-04-17 11:53:55.888000,desktop
92b30dcd-9a17-488a-96c1-09109aae3cf5,3935df42-ea03-4dcc-91ac-49e9320d2664,84,4.014889675172318,False,0.5985110324827682,4,5,58,2026-04-16 02:53:55.889000,desktop
96606ca4-1c82-4ea0-adf1-39b4c2eac82e,021249ad-0721-4216-b6dd-800039ef5edb,14,2.7001546729225616,True,0.7299845327077439,2,2,10,2026-04-19 01:53:55.892000,mobile
2f91f251-bbbd-4d13-a4b4-c366fcd888d2,62a27253-9dcf-45c4-8b56-24f516e7beb1,207,4.7055986014904905,False,0.529440139850951,4,3,41,2026-04-20 09:53:55.894000,desktop
691c030d-9b12-4747-a9c7-c8348226f826,666da321-d261-48e6-8c8e-e99f455731fa,557,8.426347801740686,False,0.15736521982593143,4,12,78,2026-04-17 12:53:55.896000,mobile
afd4547d-0f9e-496d-9079-eec5db6acce0,01042d54-e966-4a54-9697-4b90319db78e,928,8.842452525618741,False,0.11575474743812582,2,6,76,2026-04-20 10:53:55.897000,mobile
b2485225-eae4-4e1c-b201-e2816709ce60,4e201fd5-e4d7-4ac2-9db9-b00c6270b8dd,906,8.758301670093507,False,0.12416983299064928,1,9,82,2026-04-16 21:53:55.898000,mobile
8b74db07-f70e-4484-bf12-5caf3396ad61,ba916b69-6b74-4606-9ab9-81902f49b475,251,5.058957194729628,False,0.49410428052703714,3,2,62,2026-04-18 07:53:55.900000,desktop
77a577ce-d028-4253-a56a-22258c4127eb,6fa93c72-1e96-4638-becc-310168f45a3e,217,4.568855711299981,False,0.5431144288700019,3,3,49,2026-04-17 20:53:55.903000,mobile
3dd5ad35-a202-4e8d-811f-6c35e72cd101,def206d9-dab7-44e8-afed-e00e35aa96b3,251,5.8502974093109446,False,0.41497025906890556,2,3,46,2026-04-15 04:53:55.908000,mobile
fe20bfb2-cebd-40fa-888c-4be05580b12c,0f714121-d906-45bb-828a-d1f1e748af20,234,4.209185083800397,False,0.5790814916199604,1,5,49,2026-04-17 14:53:55.910000,desktop
81ec1079-42b6-4f69-a9a2-1112789e00bb,6085bc74-471e-4f89-a336-016e6e14a5ef,27,2.7339595666994523,True,0.7266040433300548,2,1,11,2026-04-21 16:53:55.912000,mobile
2ea3f225-a2ee-4273-9df6-bde3c5f1d178,2c379d34-225b-4af3-b1bc-00d66f8a21c8,435,8.025876751920157,False,0.19741232480798432,3,7,75,2026-04-16 08:53:55.914000,desktop
5374b659-deb2-4f70-bdbd-3d525171238a,1ebc62c9-bfae-487a-9734-2e0a7d18f2ff,76,5.4344609410032545,False,0.45655390589967454,2,3,70,2026-04-15 07:53:55.915000,desktop
9e32f79d-ec45-44ee-a546-69b8c35bfb8c,48ddcbdd-7faf-456b-ba55-e9161a17fa63,23,2.473390520225898,True,0.7526609479774102,4,1,27,2026-04-20 08:53:55.916000,desktop
e47686a0-d5ae-4021-abb9-8599a1456bc4,cabe7ae1-19e0-4ea7-b8d4-fb0d8d10764d,497,7.987314755557463,False,0.2012685244442537,1,6,85,2026-04-20 15:53:55.918000,desktop
db2b1fc3-9556-4f50-b965-a123a855cdb5,9b45d6ef-9983-447f-82cc-92398a1304bb,252,4.123208792869662,False,0.5876791207130337,4,4,57,2026-04-18 04:53:55.921000,mobile
9d837e55-ae15-4e61-a6e5-2f74adf93388,5525e9b1-091f-4e78-bf7d-f2639ef9f06e,339,8.37436824372444,False,0.16256317562755604,3,10,93,2026-04-18 09:53:55.922000,mobile
99cf083e-9254-400c-9ec9-0954c069b5ec,7af3e586-db64-4a11-a4ae-f6c5c0588a1d,850,7.646094510319553,False,0.23539054896804476,1,14,90,2026-04-17 08:53:55.924000,mobile
ff7ea505-0baf-4a4d-8ee6-704e12052807,ea4263ce-9fb0-43d5-9156-bce1ea0cc19b,286,5.449477746255807,False,0.45505222537441925,1,3,48,2026-04-16 20:53:55.925000,desktop
4389ce0c-2ee6-49e3-a9dc-c06ad02a2ca1,4c646a24-ab2f-457d-a623-f1a9f45ad5b5,1113,7.783010091029834,False,0.22169899089701656,4,5,91,2026-04-19 02:53:55.926000,desktop
ba2cf8d9-6da9-4568-bd0d-7ac87cd13a2f,4988feb8-08e9-4291-8806-57e394d7649f,632,7.829646667937994,False,0.21703533320620058,3,9,74,2026-04-19 11:53:55.928000,mobile
bc44d8c0-2052-4ddf-b39b-20fe334b5436,88ec1073-5f8e-4051-9ca5-f790158e7390,22,0.7465080211552682,True,0.9253491978844732,3,1,8,2026-04-15 20:53:55.929000,mobile
3c206970-07cf-48b0-a0de-5aa7b63cb335,d1093bce-fec3-47d1-8b16-1a787ab540a8,142,4.335108025549141,False,0.5664891974450859,3,5,68,2026-04-20 20:53:55.931000,desktop
04656a83-3274-4099-ba2a-4ae57ed32d2e,9d251c22-3680-42cb-9539-d4ce552981ac,205,4.457380086357725,False,0.5542619913642275,3,2,70,2026-04-19 02:53:55.932000,desktop
82fb689d-50aa-4dda-a990-a3fe1205f76d,618e09a0-272b-46a6-a378-0176d2eedfdc,32,2.9152614612659793,True,0.7084738538734021,2,0,39,2026-04-16 21:53:55.934000,desktop
2360608c-5eed-4502-b588-2ca7234a2b04,03b13c61-8d68-4538-b138-b7dc2d32b969,87,5.72986036410107,False,0.427013963589893,3,1,59,2026-04-21 06:53:55.937000,desktop
ad67e01b-6f26-4a2a-b726-2b41757402ea,88ca37a1-743c-430b-9a5d-1e23b2b167dc,57,0.7057903365205664,True,0.9294209663479434,4,1,25,2026-04-16 08:53:55.938000,mobile
949cadde-1f75-44e0-956b-2c59b8fdd35e,ecda986a-f3d8-4764-bbaa-260abac123af,206,5.714635432439495,False,0.42853645675605045,4,5,56,2026-04-15 07:53:55.939000,desktop
27bd4902-ddfb-450a-b241-6aec2c55b84d,7e5379b0-4c9a-4c04-96f9-b79cf9b65fb8,188,5.827958173018196,False,0.41720418269818044,2,5,63,2026-04-16 01:53:55.941000,mobile
65298be9-d0f1-44be-9ffd-1b45c3d30943,288e334e-ecc5-4b3c-a612-436302898c77,800,7.03185064689269,False,0.296814935310731,4,12,83,2026-04-15 07:53:55.942000,desktop
261bf785-6bf5-42de-aed0-bba73d58d9c6,6da80a80-675a-4db3-8fa4-139eb9c56901,246,5.2758372283214285,False,0.47241627716785717,1,4,59,2026-04-21 15:53:55.943000,desktop
9a7e3c22-e355-4e21-aa59-7d72c635d62b,bd8696ce-e482-4960-85f9-54b43cf6dbec,53,1.0169466799750868,True,0.8983053320024913,3,1,7,2026-04-21 13:53:55.946000,desktop
63623e38-acc1-4814-9a0e-40c13d030034,68aee5ae-7f98-4b89-a285-9485a07d1c38,275,4.274086946552651,False,0.5725913053447349,1,2,60,2026-04-16 05:53:55.948000,mobile
bbeb483c-dbdf-470d-8c25-e6442a0494ca,a40ff0cb-2a66-4c70-8931-c9d8db50f67f,189,5.0962544417077495,False,0.49037455582922507,1,1,43,2026-04-15 19:53:55.950000,desktop
8acb2323-5a7e-424b-b229-72dd96f3a93d,8c594c2e-9b6c-40ed-baea-919ffa1254ee,88,4.148804196768769,False,0.5851195803231231,1,4,46,2026-04-15 13:53:55.953000,desktop
20efac71-d10d-410d-b3fe-230aaaa9cc2c,14d19597-93e7-47b3-a33a-ae0d12943629,51,0.8732667612466596,True,0.9126733238753341,2,2,25,2026-04-18 23:53:55.955000,mobile
ccff8b5d-3d10-43b2-afe7-44d9b21a8a71,792cc33a-712d-4543-bd67-30a55f5b10d3,66,4.634571046807934,False,0.5365428953192066,2,2,65,2026-04-14 22:53:55.957000,mobile
b7e1fc77-6546-471d-9f28-03071f58f38a,851d68aa-e5e9-4b64-952b-05deb7716900,25,2.2262989866706784,True,0.7773701013329322,1,1,39,2026-04-15 20:53:55.958000,desktop
7a2efbac-9905-4361-b50e-0dd773a2b76c,11ddc0f3-8549-4fe5-9495-82b7f63ef2df,281,4.840897205085532,False,0.5159102794914469,3,4,60,2026-04-20 13:53:55.960000,mobile
c482ff40-ba34-4bc2-9feb-031facdd7ec4,0eef29d2-42ab-4791-8828-94bf761edcb4,238,5.519293985837852,False,0.4480706014162148,1,5,63,2026-04-18 17:53:55.961000,mobile
609f5c5e-a338-4aea-9237-dbfdd13a81c7,4d5d699a-e84e-44eb-9464-0434202e7c31,290,5.918422262092298,False,0.40815777379077023,4,1,45,2026-04-19 09:53:55.963000,mobile
